{
  "solanamainnet": {
    "abstract": {
      "oracleConfig": {
        "tokenExchangeRate": "251984749943933617403",
        "gasPrice": "154604207",
        "tokenDecimals": 18,
        "typicalCost": {
          "handleGasAmount": 50000,
          "totalGasAmount": 383774,
          "totalUsdCost": 0.19999992831000002
        }
      },
      "overhead": 333774
    },
    "apechain": {
      "oracleConfig": {
        "tokenExchangeRate": "63400650370038125",
        "gasPrice": "1087286206132",
        "tokenDecimals": 18,
        "typicalCost": {
          "handleGasAmount": 50000,
          "totalGasAmount": 216887,
          "totalUsdCost": 0.19999992831000002
        }
      },
      "overhead": 166887
    },
    "arbitrum": {
      "oracleConfig": {
        "tokenExchangeRate": "251984749943933617403",
        "gasPrice": "683917002",
        "tokenDecimals": 18,
        "typicalCost": {
          "handleGasAmount": 50000,
          "totalGasAmount": 216887,
          "totalUsdCost": 0.49999988766000003
        }
      },
      "overhead": 166887
    },
    "artela": {
      "oracleConfig": {
        "tokenExchangeRate": "132904238618524",
        "gasPrice": "518679113049071",
        "tokenDecimals": 18,
        "typicalCost": {
          "handleGasAmount": 50000,
          "totalGasAmount": 216887,
          "totalUsdCost": 0.19999992831000002
        }
      },
      "overhead": 166887
    },
    "avalanche": {
      "oracleConfig": {
        "tokenExchangeRate": "1892801076474545862",
        "gasPrice": "36419385780",
        "tokenDecimals": 18,
        "typicalCost": {
          "handleGasAmount": 50000,
          "totalGasAmount": 216887,
          "totalUsdCost": 0.19999992831000002
        }
      },
      "overhead": 166887
    },
    "base": {
      "oracleConfig": {
        "tokenExchangeRate": "251984749943933617403",
        "gasPrice": "273566764",
        "tokenDecimals": 18,
        "typicalCost": {
          "handleGasAmount": 50000,
          "totalGasAmount": 216887,
          "totalUsdCost": 0.19999992831000002
        }
      },
      "overhead": 166887
    },
    "bsc": {
      "oracleConfig": {
        "tokenExchangeRate": "69372056514913657770",
        "gasPrice": "993694812",
        "tokenDecimals": 18,
        "typicalCost": {
          "handleGasAmount": 50000,
          "totalGasAmount": 216887,
          "totalUsdCost": 0.19999992831000002
        }
      },
      "overhead": 166887
    },
    "eclipsemainnet": {
      "oracleConfig": {
        "tokenExchangeRate": "25198474994393361",
        "gasPrice": "2283",
        "tokenDecimals": 9,
        "typicalCost": {
          "handleGasAmount": 50000,
          "totalGasAmount": 650000,
          "totalUsdCost": 0.5002097727900001
        }
      },
      "overhead": 600000
    },
    "ethereum": {
      "oracleConfig": {
        "tokenExchangeRate": "251984749943933617403",
        "gasPrice": "4000000000",
        "tokenDecimals": 18,
        "typicalCost": {
          "handleGasAmount": 50000,
          "totalGasAmount": 216887,
          "totalUsdCost": 2.92433072022
        }
      },
      "overhead": 166887
    },
    "everclear": {
      "oracleConfig": {
        "tokenExchangeRate": "251984749943933617403",
        "gasPrice": "273566764",
        "tokenDecimals": 18,
        "typicalCost": {
          "handleGasAmount": 50000,
          "totalGasAmount": 216887,
          "totalUsdCost": 0.19999992831000002
        }
      },
      "overhead": 166887
    },
    "flowmainnet": {
      "oracleConfig": {
        "tokenExchangeRate": "34437429917021753",
        "gasPrice": "2001736272807",
        "tokenDecimals": 18,
        "typicalCost": {
          "handleGasAmount": 50000,
          "totalGasAmount": 216887,
          "totalUsdCost": 0.19999992831000002
        }
      },
      "overhead": 166887
    },
    "form": {
      "oracleConfig": {
        "tokenExchangeRate": "251984749943933617403",
        "gasPrice": "273566764",
        "tokenDecimals": 18,
        "typicalCost": {
          "handleGasAmount": 50000,
          "totalGasAmount": 216887,
          "totalUsdCost": 0.19999992831000002
        }
      },
      "overhead": 166887
    },
    "hyperevm": {
      "oracleConfig": {
        "tokenExchangeRate": "3932496075353218210",
        "gasPrice": "17529490504",
        "tokenDecimals": 18,
        "typicalCost": {
          "handleGasAmount": 50000,
          "totalGasAmount": 216887,
          "totalUsdCost": 0.19999992831000002
        }
      },
      "overhead": 166887
    },
    "infinityvmmainnet": {
      "oracleConfig": {
        "tokenExchangeRate": "112132765193989683",
        "gasPrice": "0",
        "tokenDecimals": 18,
        "typicalCost": {
          "handleGasAmount": 50000,
          "totalGasAmount": 216887,
          "totalUsdCost": 0.19999992831000002
        }
      },
      "overhead": 166887
    },
    "ink": {
      "oracleConfig": {
        "tokenExchangeRate": "251984749943933617403",
        "gasPrice": "273566764",
        "tokenDecimals": 18,
        "typicalCost": {
          "handleGasAmount": 50000,
          "totalGasAmount": 216887,
          "totalUsdCost": 0.19999992831000002
        }
      },
      "overhead": 166887
    },
    "mint": {
      "oracleConfig": {
        "tokenExchangeRate": "251984749943933617403",
        "gasPrice": "273566764",
        "tokenDecimals": 18,
        "typicalCost": {
          "handleGasAmount": 50000,
          "totalGasAmount": 216887,
          "totalUsdCost": 0.19999992831000002
        }
      },
      "overhead": 166887
    },
    "optimism": {
      "oracleConfig": {
        "tokenExchangeRate": "251984749943933617403",
        "gasPrice": "273566764",
        "tokenDecimals": 18,
        "typicalCost": {
          "handleGasAmount": 50000,
          "totalGasAmount": 216887,
          "totalUsdCost": 0.19999992831000002
        }
      },
      "overhead": 166887
    },
    "paradex": {
      "oracleConfig": {
        "tokenExchangeRate": "112132765193989683",
        "gasPrice": "987653967",
        "tokenDecimals": 18,
        "typicalCost": {
          "handleGasAmount": 5000000,
          "totalGasAmount": 135000000,
          "totalUsdCost": 0.19999992831000002
        }
      },
      "overhead": 130000000
    },
    "rivalz": {
      "oracleConfig": {
        "tokenExchangeRate": "251984749943933617403",
        "gasPrice": "273566764",
        "tokenDecimals": 18,
        "typicalCost": {
          "handleGasAmount": 50000,
          "totalGasAmount": 216887,
          "totalUsdCost": 0.19999992831000002
        }
      },
      "overhead": 166887
    },
    "solaxy": {
      "oracleConfig": {
        "tokenExchangeRate": "11213276519398",
        "gasPrice": "5128204",
        "tokenDecimals": 9,
        "typicalCost": {
          "handleGasAmount": 50000,
          "totalGasAmount": 650000,
          "totalUsdCost": 0.49999988766000003
        }
      },
      "overhead": 600000
    },
    "sonicsvm": {
      "oracleConfig": {
        "tokenExchangeRate": "1500000000000000",
        "gasPrice": "38336",
        "tokenDecimals": 9,
        "typicalCost": {
          "handleGasAmount": 50000,
          "totalGasAmount": 650000,
          "totalUsdCost": 0.5000001552000001
        }
      },
      "overhead": 600000
    },
    "soon": {
      "oracleConfig": {
        "tokenExchangeRate": "25198474994393361",
        "gasPrice": "2283",
        "tokenDecimals": 9,
        "typicalCost": {
          "handleGasAmount": 50000,
          "totalGasAmount": 650000,
          "totalUsdCost": 0.5002097727900001
        }
      },
      "overhead": 600000
    },
    "sophon": {
      "oracleConfig": {
        "tokenExchangeRate": "3969376541825521",
        "gasPrice": "9814614939295",
        "tokenDecimals": 18,
        "typicalCost": {
          "handleGasAmount": 50000,
          "totalGasAmount": 383774,