{
  "abstract": 0.00428,
  "adichain": 3.13,
  "ancient8": 0.00253,
  "apechain": 11.1,
  "appchain": 0.0155,
  "arbitrum": 0.0344,
  "arbitrumnova": 0.00214,
  "arcadia": 0.00195,
  "artela": 16900,
  "astar": 235,
  "aurora": 0.00214,
  "avalanche": 0.212,
  "b3": 0.00284,
  "base": 0.0931,
  "berachain": 3,
  "bitlayer": 0.00156,
  "blast": 0.00325,
  "bob": 0.00249,
  "boba": 0.00241,
  "botanix": 0.000071,
  "bsc": 0.264,
  "bsquared": 0.00245,
  "carrchain": 5420,
  "celestia": 5.04,
  "celo": 18.4,
  "chilizmainnet": 110,
  "coredao": 21.7,
  "coti": 114,
  "cyber": 0.00321,
  "degenchain": 2370,
  "dogechain": 19.7,
  "eclipsemainnet": 0.0232,
  "electroneum": 1820,
  "endurance": 14.3,
  "ethereum": 0.399,
  "everclear": 0.0148,
  "fantom": 28,
  "flare": 229,
  "flowmainnet": 13.2,
  "fluence": 3580,
  "form": 0.00195,
  "forma": 5.04,
  "fraxtal": 3.65,
  "fusemainnet": 438,
  "galactica": 111,
  "gnosis": 3.12,
  "gravity": 574,
  "harmony": 712,
  "hashkey": 12.7,
  "hemi": 0.00207,
  "hyperevm": 0.294,
  "immutablezkevmmainnet": 9.68,
  "incentiv": 3.13,
  "inevm": 0.521,
  "injective": 0.521,
  "ink": 0.0233,
  "kaia": 38.7,
  "katana": 0.00127,
  "kyve": 620,
  "lazai": 0.419,
  "linea": 0.0765,
  "lisk": 0.0104,
  "litchain": 120,
  "lukso": 5.32,
  "lumiaprism": 23.5,
  "mantapacific": 0.00336,
  "mantle": 7.51,
  "mantra": 34.5,
  "matchain": 0.00537,
  "megaeth": 0.00103,
  "merlin": 0.000172,
  "metal": 0.00791,
  "metis": 0.419,
  "milkyway": 123,
  "mint": 0.00272,
  "miraclechain": 943,
  "mitosis": 59.1,
  "mode": 0.0229,
  "molten": 112,
  "monad": 68.7,
  "moonbeam": 111,
  "morph": 0.178,
  "neutron": 84.4,
  "nibiru": 304,
  "noble": 3.13,
  "ontology": 32,
  "oortmainnet": 119,
  "opbnb": 0.00528,
  "optimism": 0.0383,
  "orderly": 0.00281,
  "osmosis": 37.8,
  "paradex": 3.13,
  "peaq": 72.3,
  "plasma": 13.8,
  "plume": 112,
  "polygon": 22.8,
  "polygonzkevm": 0.0244,
  "polynomialfi": 0.00275,
  "prom": 1.55,
  "pulsechain": 164000,
  "radix": 1460,
  "rarichain": 0.00368,
  "reactive": 123,
  "redstone": 0.00217,
  "ronin": 16.5,
  "scroll": 0.01,
  "sei": 22.6,
  "shibarium": 35.3,
  "solanamainnet": 3.27,
  "solaxy": 15700,
  "somnia": 10.5,
  "soneium": 0.0394,
  "sonic": 28,
  "sonicsvm": 0.193,
  "soon": 0.00195,
  "sophon": 185,
  "stable": 3.13,
  "starknet": 38.2,
  "story": 1.67,
  "stride": 62.6,
  "subtensor": 0.304,
  "superpositionmainnet": 0.0235,
  "superseed": 0.0126,
  "svmbnb": 0.00524,
  "swell": 0.00856,
  "tac": 8.15,
  "taiko": 0.00671,
  "tangle": 3.13,
  "torus": 28.6,
  "unichain": 0.00897,
  "vana": 1.09,
  "viction": 26.5,
  "worldchain": 0.0027,
  "xai": 150,
  "xlayer": 0.114,
  "xrplevm": 4.19,
  "zerogravity": 3.13,
  "zeronetwork": 0.00195,
  "zetachain": 34.3,
  "zircuit": 0.00424,
  "zksync": 0.00481,
  "zoramainnet": 0.00876
}
