{
  "abstract": 0.00428,
  "adichain": 3.13,
  "aleo": 69.1,
  "apechain": 22.4,
  "appchain": 0.00625,
  "arbitrum": 0.0344,
  "arcadia": 0.00195,
  "avalanche": 0.338,
  "base": 0.0931,
  "berachain": 8.42,
  "bitlayer": 0.000125,
  "blast": 0.00325,
  "bob": 0.00249,
  "boba": 0.00241,
  "botanix": 7.1e-5,
  "bsc": 0.264,
  "carrchain": 9250,
  "celestia": 8.98,
  "celo": 34.7,
  "citrea": 4.02e-5,
  "coti": 222,
  "eclipsemainnet": 0.0232,
  "eden": 8.98,
  "electroneum": 3090,
  "eni": 5.39,
  "ethereum": 0.399,
  "flowmainnet": 81.4,
  "fluent": 0.00155,
  "forma": 8.98,
  "fraxtal": 6.44,
  "galactica": 333,
  "gnosis": 3.12,
  "hashkey": 18.9,
  "hemi": 0.00207,
  "hyperevm": 0.294,
  "igra": 18.7,
  "immutablezkevmmainnet": 18.6,
  "ink": 0.0233,
  "katana": 0.00135,
  "kiichain": 3.13,
  "krown": 2080,
  "kyve": 1440,
  "lazai": 0.89,
  "linea": 0.0765,
  "lisk": 0.0104,
  "lukso": 12.1,
  "lumiaprism": 33.2,
  "mantle": 7.51,
  "mantra": 295,
  "matchain": 0.00537,
  "megaeth": 0.00135,
  "metal": 0.00791,
  "metis": 0.89,
  "mitosis": 74.4,
  "mocachain": 245,
  "mode": 0.0229,
  "monad": 175,
  "morph": 0.00625,
  "nesa": 3.13,
  "nexus": 914000,
  "nibiru": 1540,
  "noble": 3.13,
  "oortmainnet": 276,
  "optimism": 0.0383,
  "paradex": 3.13,
  "peaq": 156,
  "plasma": 31.7,
  "plume": 252,
  "polygon": 32.9,
  "prom": 1.68,
  "pulsechain": 408000,
  "radix": 2320,
  "reactive": 198,
  "robinhood": 0.00154,
  "ronin": 31.9,
  "sei": 51.4,
  "solanamainnet": 3.27,
  "solaxy": 57700,
  "somnia": 18.2,
  "soneium": 0.0394,
  "sonic": 69.4,
  "sonicsvm": 0.193,
  "soon": 0.00195,
  "stable": 3.13,
  "starknet": 465,
  "subtensor": 0.025,
  "superseed": 0.0126,
  "tac": 9,
  "taiko": 0.00671,
  "tea": 3.13,
  "tron": 10.5,
  "unichain": 0.00897,
  "vana": 2.19,
  "viction": 55.3,
  "worldchain": 0.0027,
  "xlayer": 0.114,
  "zerogravity": 5.9,
  "zksync": 0.00481
}
