{
  "abstract": 0.00146,
  "ancient8": 0.00188,
  "alephzeroevmmainnet": 13.8,
  "apechain": 3.56,
  "appchain": 0.0146,
  "arbitrum": 0.0308,
  "arbitrumnova": 0.00102,
  "artela": 191,
  "arthera": 108,
  "astar": 64.3,
  "astarzkevm": 0.00102,
  "aurora": 0.00126,
  "flame": 0.793,
  "avalanche": 0.114,
  "b3": 0.00229,
  "base": 0.092,
  "bitlayer": 0.00104,
  "blast": 0.0029,
  "bob": 0.00177,
  "boba": 0.00174,
  "bsc": 0.17,
  "bsquared": 0.00179,
  "celo": 6.04,
  "cheesechain": 2670,
  "chilizmainnet": 48.7,
  "conflux": 21.5,
  "conwai": 889,
  "coredao": 4.56,
  "corn": 0.0000316,
  "cyber": 0.00205,
  "degenchain": 481,
  "dogechain": 9.99,
  "duckchain": 0.643,
  "eclipsemainnet": 0.0232,
  "endurance": 2.23,
  "ethereum": 0.135,
  "everclear": 0.00312,
  "evmos": 224,
  "fantom": 6.61,
  "flare": 133,
  "flowmainnet": 5.13,
  "form": 0.00176,
  "fraxtal": 0.0163,
  "fusemainnet": 126,
  "glue": 4.23,
  "gnosis": 3.12,
  "gravity": 122,
  "guru": 280,
  "harmony": 171,
  "hemi": 0.00181,
  "immutablezkevmmainnet": 2.91,
  "inevm": 0.171,
  "ink": 0.0199,
  "injective": 0.171,
  "kaia": 16.8,
  "kroma": 0.00168,
  "linea": 0.0763,
  "lisk": 0.00851,
  "lukso": 1.97,
  "lumia": 3.21,
  "lumiaprism": 4.09,
  "mantapacific": 0.00317,
  "mantle": 6.48,
  "matchain": 0.0048,
  "merlin": 0.000131,
  "metal": 0.00501,
  "metis": 0.1,
  "mint": 0.00238,
  "mode": 0.0139,
  "molten": 9.51,
  "moonbeam": 19.7,
  "morph": 0.176,
  "nero": 3.13,
  "neutron": 11.8,
  "oortmainnet": 36.7,
  "optimism": 0.038,
  "orderly": 0.00216,
  "osmosis": 8.28,
  "polygon": 10.5,
  "polygonzkevm": 0.023,
  "polynomialfi": 0.00198,
  "prom": 1.55,
  "proofofplay": 0.00102,
  "rarichain": 0.00329,
  "real": 0.00102,
  "redstone": 0.00215,
  "rivalz": 0.00102,
  "rootstockmainnet": 0.00132,
  "sanko": 0.158,
  "scroll": 0.00926,
  "sei": 10.4,
  "shibarium": 9.34,
  "snaxchain": 0.00191,
  "solanamainnet": 2.95,
  "soneium": 0.0137,
  "sonic": 6.61,
  "sonicsvm": 0.0138,
  "soon": 0.00102,
  "stride": 6.88,
  "superseed": 0.0126,
  "superpositionmainnet": 0.00999,
  "swell": 0.00238,
  "taiko": 0.00499,
  "tangle": 3.13,
  "telos": 22.7,
  "torus": 5.82,
  "treasure": 103,
  "trumpchain": 0.12,
  "unichain": 0.00181,
  "unitzero": 6.11,
  "vana": 0.372,
  "viction": 9.34,
  "worldchain": 0.0027,
  "xai": 19.6,
  "xlayer": 0.114,
  "xpla": 41.3,
  "zeronetwork": 0.00127,
  "zetachain": 7.57,
  "zircuit": 0.00421,
  "zklink": 0.00102,
  "zksync": 0.00159,
  "zoramainnet": 0.00876
}
