{
  "ancient8": 0.00377,
  "alephzeroevmmainnet": 10.8,
  "apechain": 3.03,
  "appchain": 0.0199,
  "arbitrum": 0.0387,
  "arbitrumnova": 0.00099,
  "artela": 3.13,
  "arthera": 48.2,
  "astar": 66.6,
  "astarzkevm": 0.00476,
  "aurora": 0.00099,
  "flame": 2.71,
  "avalanche": 0.0908,
  "b3": 0.00411,
  "base": 0.0566,
  "bitlayer": 0.00205,
  "blast": 0.09,
  "bob": 0.00354,
  "boba": 0.0035,
  "bsc": 0.161,
  "bsquared": 0.00361,
  "celo": 5.37,
  "cheesechain": 3980,
  "chilizmainnet": 103,
  "conflux": 22.9,
  "conwai": 844,
  "coredao": 3.43,
  "corn": 0.0000336,
  "cyber": 0.00429,
  "degenchain": 354,
  "dogechain": 10.8,
  "duckchain": 0.61,
  "eclipsemainnet": 0.02,
  "endurance": 1.87,
  "ethereum": 0.61,
  "everclear": 0.00595,
  "evmos": 171,
  "fantom": 4.52,
  "flare": 137,
  "flowmainnet": 4.57,
  "form": 0.00355,
  "fraxtal": 0.015,
  "fusemainnet": 117,
  "gnosis": 3.12,
  "gravity": 109,
  "guru": 252,
  "harmony": 143,
  "hemi": 0.00099,
  "immutablezkevmmainnet": 4.18,
  "inevm": 0.159,
  "ink": 0.00956,
  "injective": 0.159,
  "kaia": 15.9,
  "kroma": 0.00367,
  "linea": 0.0736,
  "lisk": 0.00794,
  "lukso": 1.68,
  "lumia": 2.56,
  "lumiaprism": 3.04,
  "mantapacific": 0.00399,
  "mantle": 14.2,
  "merlin": 0.000308,
  "metal": 0.0105,
  "metis": 0.0936,
  "mint": 0.00456,
  "mode": 0.0136,
  "molten": 4.56,
  "moonbeam": 25.9,
  "morph": 0.262,
  "nero": 3.13,
  "neutron": 10,
  "oortmainnet": 24,
  "optimism": 0.0314,
  "orderly": 0.0047,
  "osmosis": 7.36,
  "polygon": 19.2,
  "polygonzkevm": 0.0456,
  "polynomialfi": 0.00438,
  "prom": 3.13,
  "proofofplay": 0.00099,
  "rarichain": 0.00672,
  "real": 0.00156,
  "redstone": 0.00369,
  "rivalz": 0.00099,
  "rootstockmainnet": 0.00241,
  "sanko": 0.111,
  "scroll": 0.0168,
  "sei": 8.8,
  "shibarium": 7.29,
  "snaxchain": 0.00417,
  "solanamainnet": 5.3,
  "soneium": 0.0121,
  "sonic": 4.52,
  "soon": 0.00099,
  "stride": 6.3,
  "superseed": 0.00396,
  "superpositionmainnet": 0.00114,
  "swell": 0.00448,
  "taiko": 0.00719,
  "tangle": 3.13,
  "telos": 16.7,
  "torus": 5.28,
  "treasure": 784,
  "trumpchain": 0.0573,
  "unichain": 0.00099,
  "vana": 0.251,
  "viction": 9.12,
  "worldchain": 0.00365,
  "xai": 16.6,
  "xlayer": 0.435,
  "xpla": 37.9,
  "zeronetwork": 0.00276,
  "zetachain": 6.46,
  "zircuit": 0.00376,
  "zklink": 0.00099,
  "zksync": 0.00284,
  "zoramainnet": 0.00844
}
