{
  "abstract": 0.00428,
  "alephzeroevmmainnet": 29.2,
  "ancient8": 0.00204,
  "apechain": 5.46,
  "appchain": 0.0155,
  "arbitrum": 0.0344,
  "arbitrumnova": 0.00152,
  "arcadia": 0.00152,
  "artela": 671,
  "arthera": 369,
  "astar": 90.6,
  "aurora": 0.0015,
  "avalanche": 0.136,
  "b3": 0.00284,
  "base": 0.0931,
  "berachain": 0.534,
  "bitlayer": 0.00114,
  "blast": 0.00305,
  "bob": 0.00197,
  "boba": 0.00183,
  "bouncebit": 21,
  "bsc": 0.264,
  "bsquared": 0.00192,
  "celo": 7.63,
  "cheesechain": 6810,
  "chilizmainnet": 63.3,
  "conflux": 32.8,
  "conwai": 1310,
  "coredao": 6.82,
  "corn": 0.0000356,
  "coti": 34.8,
  "cyber": 0.00321,
  "deepbrainchain": 1850,
  "degenchain": 875,
  "dogechain": 15.5,
  "duckchain": 0.863,
  "eclipsemainnet": 0.0232,
  "endurance": 4.15,
  "ethereum": 0.135,
  "everclear": 0.0081,
  "evmos": 624,
  "fantom": 7.39,
  "flame": 1.03,
  "flare": 208,
  "flowmainnet": 7.19,
  "form": 0.00176,
  "fraxtal": 0.0217,
  "fusemainnet": 254,
  "glue": 28.8,
  "gnosis": 3.12,
  "gravity": 174,
  "guru": 758,
  "harmony": 243,
  "hemi": 0.00207,
  "hyperevm": 0.294,
  "immutablezkevmmainnet": 4.69,
  "inevm": 0.288,
  "infinityvm": 3.13,
  "injective": 0.288,
  "ink": 0.0233,
  "kaia": 27.8,
  "kroma": 0.00177,
  "linea": 0.0765,
  "lisk": 0.0104,
  "lukso": 3.66,
  "lumia": 5.94,
  "lumiaprism": 6.71,
  "mantapacific": 0.00336,
  "mantle": 7.51,
  "matchain": 0.00537,
  "merlin": 0.000172,
  "metal": 0.00791,
  "metis": 0.164,
  "mint": 0.00253,
  "mode": 0.0229,
  "molten": 13.8,
  "moonbeam": 34.1,
  "morph": 0.178,
  "nero": 3.13,
  "neutron": 20.2,
  "nibiru": 148,
  "oortmainnet": 52.2,
  "opbnb": 0.00496,
  "optimism": 0.0383,
  "orderly": 0.00249,
  "osmosis": 11.2,
  "plume": 23,
  "polygon": 13.1,
  "polygonzkevm": 0.0244,
  "polynomialfi": 0.00275,
  "prom": 1.55,
  "proofofplay": 0.00152,
  "rarichain": 0.00329,
  "reactive": 35.5,
  "real": 0.00152,
  "redstone": 0.00217,
  "rivalz": 0.00152,
  "ronin": 3.89,
  "rootstockmainnet": 0.00165,
  "sanko": 0.309,
  "scroll": 0.00951,
  "sei": 14.4,
  "shibarium": 11.3,
  "snaxchain": 0.00222,
  "solanamainnet": 3.27,
  "soneium": 0.0394,
  "sonic": 7.39,
  "sonicsvm": 0.165,
  "soon": 0.00152,
  "sophon": 46.4,
  "story": 1.67,
  "stride": 15.5,
  "subtensor": 0.228,
  "superpositionmainnet": 0.0235,
  "superseed": 0.0126,
  "swell": 0.00856,
  "taiko": 0.005,
  "tangle": 3.13,
  "telos": 35.1,
  "torus": 22.7,
  "treasure": 37.4,
  "trumpchain": 0.264,
  "unichain": 0.00897,
  "unitzero": 10.8,
  "vana": 0.576,
  "viction": 12.6,
  "worldchain": 0.0027,
  "xai": 44.3,
  "xlayer": 0.114,
  "xpla": 79.4,
  "zeronetwork": 0.00152,
  "zetachain": 10.7,
  "zircuit": 0.00424,
  "zklink": 0.00152,
  "zksync": 0.00159,
  "zoramainnet": 0.00876
}
