{
  "abstract": 0.00428,
  "adichain": 3.13,
  "aleo": 69.1,
  "ancient8": 0.00253,
  "apechain": 22.4,
  "appchain": 0.0155,
  "arbitrum": 0.0344,
  "arbitrumnova": 0.0135,
  "arcadia": 0.00195,
  "artela": 16900,
  "astar": 385,
  "aurora": 0.00214,
  "avalanche": 0.338,
  "b3": 0.00284,
  "base": 0.0931,
  "berachain": 8.42,
  "bitlayer": 0.00156,
  "blast": 0.00325,
  "bob": 0.00249,
  "boba": 0.00241,
  "botanix": 0.000071,
  "bsc": 0.264,
  "bsquared": 0.00245,
  "carrchain": 9250,
  "celestia": 8.98,
  "celo": 34.7,
  "chilizmainnet": 110,
  "citrea": 0.0000402,
  "coredao": 80.7,
  "coti": 222,
  "cyber": 0.00321,
  "degenchain": 4700,
  "dogechain": 31.8,
  "eclipsemainnet": 0.0232,
  "eden": 8.98,
  "electroneum": 3090,
  "endurance": 25.9,
  "eni": 5.39,
  "ethereum": 0.399,
  "everclear": 0.0148,
  "fantom": 69.4,
  "flare": 400,
  "flowmainnet": 81.4,
  "fluence": 3580,
  "fluent": 0.00155,
  "forma": 8.98,
  "fraxtal": 6.44,
  "fusemainnet": 935,
  "galactica": 333,
  "gnosis": 3.12,
  "gravity": 846,
  "harmony": 1410,
  "hashkey": 18.9,
  "hemi": 0.00207,
  "hyperevm": 0.294,
  "igra": 18.7,
  "immutablezkevmmainnet": 18.6,
  "incentiv": 3400,
  "ink": 0.0233,
  "kaia": 65.1,
  "katana": 0.00135,
  "kiichain": 3.13,
  "krown": 2080,
  "kyve": 1440,
  "lazai": 0.89,
  "linea": 0.0765,
  "lisk": 0.0104,
  "litchain": 498,
  "lukso": 12.1,
  "lumiaprism": 33.2,
  "mantapacific": 0.00336,
  "mantle": 7.51,
  "mantra": 295,
  "matchain": 0.00537,
  "megaeth": 0.00135,
  "merlin": 0.000172,
  "metal": 0.00791,
  "metis": 0.89,
  "milkyway": 4670,
  "miraclechain": 23000,
  "mitosis": 74.4,
  "mocachain": 245,
  "mode": 0.0229,
  "molten": 118,
  "monad": 175,
  "moonbeam": 187,
  "morph": 0.178,
  "neutron": 985,
  "nibiru": 1540,
  "noble": 3.13,
  "ontology": 43,
  "oortmainnet": 276,
  "opbnb": 0.00528,
  "optimism": 0.0383,
  "orderly": 0.00281,
  "paradex": 3.13,
  "peaq": 156,
  "plasma": 31.7,
  "plume": 252,
  "polygon": 32.9,
  "polygonzkevm": 0.0244,
  "polynomialfi": 0.00275,
  "prom": 1.68,
  "pulsechain": 408000,
  "radix": 2320,
  "rarichain": 0.00449,
  "reactive": 198,
  "redstone": 0.00217,
  "ronin": 31.9,
  "scroll": 0.01,
  "sei": 51.4,
  "shibarium": 52.7,
  "solanamainnet": 3.27,
  "solaxy": 57700,
  "somnia": 18.2,
  "soneium": 0.0394,
  "sonic": 69.4,
  "sonicsvm": 0.193,
  "soon": 0.00195,
  "sophon": 356,
  "stable": 3.13,
  "starknet": 465,
  "story": 1.67,
  "stride": 171,
  "subtensor": 0.304,
  "superpositionmainnet": 0.0235,
  "superseed": 0.0126,
  "swell": 0.00856,
  "tac": 9,
  "taiko": 0.00671,
  "tangle": 3.13,
  "torus": 46.1,
  "tron": 10.5,
  "unichain": 0.00897,
  "vana": 2.19,
  "viction": 55.3,
  "worldchain": 0.0027,
  "xai": 289,
  "xlayer": 0.114,
  "xrplevm": 4.19,
  "zerogravity": 5.9,
  "zeronetwork": 0.00195,
  "zetachain": 57.5,
  "zircuit": 0.00424,
  "zksync": 0.00481,
  "zoramainnet": 0.00876
}
