{
  "abstract": 0.00291,
  "ancient8": 0.00373,
  "alephzeroevmmainnet": 13.8,
  "apechain": 3.56,
  "appchain": 0.0236,
  "arbitrum": 0.0402,
  "arbitrumnova": 0.00102,
  "artela": 191,
  "arthera": 108,
  "astar": 65.9,
  "astarzkevm": 0.00369,
  "aurora": 0.00102,
  "flame": 1.95,
  "avalanche": 0.0943,
  "b3": 0.00427,
  "base": 0.0712,
  "bitlayer": 0.00202,
  "blast": 0.00591,
  "bob": 0.00352,
  "boba": 0.00351,
  "bsc": 0.167,
  "bsquared": 0.00362,
  "celo": 6.04,
  "cheesechain": 2670,
  "chilizmainnet": 100,
  "conflux": 21.5,
  "conwai": 889,
  "coredao": 4.56,
  "corn": 0.0000316,
  "cyber": 0.00443,
  "degenchain": 481,
  "dogechain": 10.5,
  "duckchain": 0.643,
  "eclipsemainnet": 0.025,
  "endurance": 2.23,
  "ethereum": 0.556,
  "everclear": 0.00626,
  "evmos": 224,
  "fantom": 6.61,
  "flare": 133,
  "flowmainnet": 5.13,
  "form": 0.00355,
  "fraxtal": 0.016,
  "fusemainnet": 126,
  "glue": 8.4,
  "gnosis": 3.12,
  "gravity": 122,
  "guru": 280,
  "harmony": 171,
  "hemi": 0.00102,
  "immutablezkevmmainnet": 4.14,
  "inevm": 0.171,
  "ink": 0.0113,
  "injective": 0.171,
  "kaia": 16.8,
  "kroma": 0.00341,
  "linea": 0.0782,
  "lisk": 0.00781,
  "lukso": 1.97,
  "lumia": 3.21,
  "lumiaprism": 4.09,
  "mantapacific": 0.00371,
  "mantle": 13.9,
  "matchain": 0.0048,
  "merlin": 0.000318,
  "metal": 0.0102,
  "metis": 0.1,
  "mint": 0.00462,
  "mode": 0.0135,
  "molten": 9.51,
  "moonbeam": 24.1,
  "morph": 0.283,
  "nero": 3.13,
  "neutron": 11.8,
  "oortmainnet": 36.7,
  "optimism": 0.0354,
  "orderly": 0.00471,
  "osmosis": 8.28,
  "polygon": 16.9,
  "polygonzkevm": 0.0447,
  "polynomialfi": 0.00436,
  "prom": 2.92,
  "proofofplay": 0.00102,
  "rarichain": 0.00691,
  "real": 0.00157,
  "redstone": 0.00344,
  "rivalz": 0.00102,
  "rootstockmainnet": 0.00241,
  "sanko": 0.158,
  "scroll": 0.0169,
  "sei": 10.4,
  "shibarium": 9.34,
  "snaxchain": 0.00412,
  "solanamainnet": 5,
  "soneium": 0.00719,
  "sonic": 6.61,
  "sonicsvm": 0.0138,
  "soon": 0.00102,
  "stride": 6.88,
  "superseed": 0.00396,
  "superpositionmainnet": 0.00152,
  "swell": 0.00454,
  "taiko": 0.00726,
  "tangle": 3.13,
  "telos": 22.7,
  "torus": 5.82,
  "treasure": 789,
  "trumpchain": 0.12,
  "unichain": 0.00102,
  "unitzero": 6.11,
  "vana": 0.372,
  "viction": 9.34,
  "worldchain": 0.00348,
  "xai": 19.6,
  "xlayer": 0.373,
  "xpla": 41.3,
  "zeronetwork": 0.00267,
  "zetachain": 7.57,
  "zircuit": 0.00379,
  "zklink": 0.00102,
  "zksync": 0.00284,
  "zoramainnet": 0.00832
}
