{
  "abstract": 0.00428,
  "alephzeroevmmainnet": 16.9,
  "ancient8": 0.00204,
  "apechain": 4.59,
  "appchain": 0.0155,
  "arbitrum": 0.0308,
  "arbitrumnova": 0.0012,
  "arcadia": 0.00119,
  "artela": 278,
  "arthera": 126,
  "astar": 81.1,
  "astarzkevm": 0.0012,
  "aurora": 0.0015,
  "avalanche": 0.136,
  "b3": 0.00284,
  "base": 0.0931,
  "berachain": 0.534,
  "bitlayer": 0.00114,
  "blast": 0.00305,
  "bob": 0.00177,
  "boba": 0.00183,
  "bouncebit": 21,
  "bsc": 0.264,
  "bsquared": 0.00192,
  "celo": 7.63,
  "cheesechain": 6810,
  "chilizmainnet": 55.4,
  "conflux": 27.5,
  "conwai": 1010,
  "coredao": 6.38,
  "corn": 0.0000327,
  "cyber": 0.00321,
  "degenchain": 832,
  "dogechain": 12.7,
  "duckchain": 0.863,
  "eclipsemainnet": 0.0232,
  "endurance": 3.5,
  "ethereum": 0.135,
  "everclear": 0.0081,
  "evmos": 264,
  "fantom": 7.39,
  "flame": 1.03,
  "flare": 150,
  "flowmainnet": 6.47,
  "form": 0.00176,
  "fraxtal": 0.0217,
  "fusemainnet": 142,
  "glue": 7.88,
  "gnosis": 3.12,
  "gravity": 174,
  "guru": 473,
  "harmony": 220,
  "hemi": 0.00207,
  "hyperevm": 0.294,
  "immutablezkevmmainnet": 4.29,
  "inevm": 0.221,
  "infinityvm": 3.13,
  "injective": 0.221,
  "ink": 0.0233,
  "kaia": 25.8,
  "kroma": 0.00177,
  "linea": 0.0765,
  "lisk": 0.0104,
  "lukso": 2.44,
  "lumia": 4.01,
  "lumiaprism": 6.71,
  "mantapacific": 0.00336,
  "mantle": 7.51,
  "matchain": 0.00537,
  "merlin": 0.000172,
  "metal": 0.00791,
  "metis": 0.142,
  "mint": 0.00253,
  "mode": 0.0229,
  "molten": 12.2,
  "moonbeam": 24.7,
  "morph": 0.178,
  "nero": 3.13,
  "neutron": 17.9,
  "oortmainnet": 52.2,
  "optimism": 0.0383,
  "orderly": 0.00234,
  "osmosis": 11.2,
  "plume": 23,
  "polygon": 10.5,
  "polygonzkevm": 0.0244,
  "polynomialfi": 0.00275,
  "prom": 1.55,
  "proofofplay": 0.0012,
  "rarichain": 0.00329,
  "real": 0.0012,
  "redstone": 0.00217,
  "rivalz": 0.0012,
  "ronin": 2.63,
  "rootstockmainnet": 0.00165,
  "sanko": 0.194,
  "scroll": 0.00951,
  "sei": 14.4,
  "shibarium": 11.3,
  "snaxchain": 0.00222,
  "solanamainnet": 3.27,
  "soneium": 0.0394,
  "sonic": 7.39,
  "sonicsvm": 0.165,
  "soon": 0.0012,
  "sophon": 46.4,
  "story": 1.67,
  "stride": 15.5,
  "subtensor": 0.228,
  "superpositionmainnet": 0.0235,
  "superseed": 0.0126,
  "swell": 0.00651,
  "taiko": 0.005,
  "tangle": 3.13,
  "telos": 35.1,
  "torus": 9.85,
  "treasure": 37.4,
  "trumpchain": 0.194,
  "unichain": 0.00897,
  "unitzero": 10.8,
  "vana": 0.576,
  "viction": 11.9,
  "worldchain": 0.0027,
  "xai": 33.4,
  "xlayer": 0.114,
  "xpla": 54,
  "zeronetwork": 0.00127,
  "zetachain": 10.7,
  "zircuit": 0.00424,
  "zklink": 0.0012,
  "zksync": 0.00159,
  "zoramainnet": 0.00876
}
