{
  "abstract": 0.00428,
  "adichain": 3.13,
  "aleo": 27.1,
  "ancient8": 0.00253,
  "apechain": 13.2,
  "appchain": 0.0155,
  "arbitrum": 0.0344,
  "arbitrumnova": 0.00214,
  "arcadia": 0.00195,
  "artela": 16900,
  "astar": 248,
  "aurora": 0.00214,
  "avalanche": 0.242,
  "b3": 0.00284,
  "base": 0.0931,
  "berachain": 4.26,
  "bitlayer": 0.00156,
  "blast": 0.00325,
  "bob": 0.00249,
  "boba": 0.00241,
  "botanix": 0.000071,
  "bsc": 0.264,
  "bsquared": 0.00245,
  "carrchain": 6630,
  "celestia": 5.31,
  "celo": 20.2,
  "chilizmainnet": 110,
  "coredao": 25.7,
  "coti": 129,
  "cyber": 0.00321,
  "degenchain": 2370,
  "dogechain": 22.8,
  "eclipsemainnet": 0.0232,
  "electroneum": 2330,
  "endurance": 14.3,
  "ethereum": 0.399,
  "everclear": 0.0148,
  "fantom": 32.9,
  "flare": 250,
  "flowmainnet": 15.3,
  "fluence": 3580,
  "form": 0.00195,
  "forma": 5.31,
  "fraxtal": 4.29,
  "fusemainnet": 438,
  "galactica": 111,
  "gnosis": 3.12,
  "gravity": 574,
  "harmony": 841,
  "hashkey": 12.7,
  "hemi": 0.00207,
  "hyperevm": 0.294,
  "immutablezkevmmainnet": 11.4,
  "incentiv": 102,
  "inevm": 0.567,
  "injective": 0.567,
  "ink": 0.0233,
  "kaia": 42.1,
  "katana": 0.00127,
  "kyve": 837,
  "lazai": 0.496,
  "linea": 0.0765,
  "lisk": 0.0104,
  "litchain": 164,
  "lukso": 6.38,
  "lumiaprism": 26.6,
  "mantapacific": 0.00336,
  "mantle": 7.51,
  "mantra": 43.2,
  "matchain": 0.00537,
  "megaeth": 0.00103,
  "merlin": 0.000172,
  "metal": 0.00791,
  "metis": 0.496,
  "milkyway": 697,
  "mint": 0.00272,
  "miraclechain": 943,
  "mitosis": 59.1,
  "mode": 0.0229,
  "molten": 118,
  "monad": 121,
  "moonbeam": 111,
  "morph": 0.178,
  "neutron": 107,
  "nibiru": 304,
  "noble": 3.13,
  "ontology": 36,
  "oortmainnet": 182,
  "opbnb": 0.00528,
  "optimism": 0.0383,
  "orderly": 0.00281,
  "osmosis": 44,
  "paradex": 3.13,
  "peaq": 81.6,
  "plasma": 20.3,
  "plume": 163,
  "polygon": 25.3,
  "polygonzkevm": 0.0244,
  "polynomialfi": 0.00275,
  "prom": 1.55,
  "pulsechain": 164000,
  "radix": 1760,
  "rarichain": 0.00368,
  "reactive": 123,
  "redstone": 0.00217,
  "ronin": 18,
  "scroll": 0.01,
  "sei": 22.6,
  "shibarium": 35.3,
  "solanamainnet": 3.27,
  "solaxy": 15700,
  "somnia": 11.7,
  "soneium": 0.0394,
  "sonic": 32.9,
  "sonicsvm": 0.193,
  "soon": 0.00195,
  "sophon": 206,
  "stable": 3.13,
  "starknet": 53.9,
  "story": 1.67,
  "stride": 122,
  "subtensor": 0.304,
  "superpositionmainnet": 0.0235,
  "superseed": 0.0126,
  "svmbnb": 0.00524,
  "swell": 0.00856,
  "tac": 9,
  "taiko": 0.00671,
  "tangle": 3.13,
  "torus": 28.6,
  "unichain": 0.00897,
  "vana": 1.17,
  "viction": 31.3,
  "worldchain": 0.0027,
  "xai": 182,
  "xlayer": 0.114,
  "xrplevm": 4.19,
  "zerogravity": 3.41,
  "zeronetwork": 0.00195,
  "zetachain": 38,
  "zircuit": 0.00424,
  "zksync": 0.00481,
  "zoramainnet": 0.00876
}
