{
  "abstract": 0.00428,
  "alephzeroevmmainnet": 16.9,
  "ancient8": 0.00189,
  "apechain": 4.59,
  "appchain": 0.0155,
  "arbitrum": 0.0308,
  "arbitrumnova": 0.0012,
  "artela": 238,
  "arthera": 126,
  "astar": 81.1,
  "astarzkevm": 0.0012,
  "aurora": 0.0015,
  "avalanche": 0.123,
  "b3": 0.00229,
  "base": 0.0931,
  "berachain": 0.313,
  "bitlayer": 0.00106,
  "blast": 0.0029,
  "bob": 0.00177,
  "boba": 0.00174,
  "bsc": 0.264,
  "bsquared": 0.00179,
  "celo": 7.63,
  "cheesechain": 4140,
  "chilizmainnet": 55.4,
  "conflux": 27.5,
  "conwai": 889,
  "coredao": 6.05,
  "corn": 0.0000327,
  "cyber": 0.00206,
  "degenchain": 749,
  "dogechain": 12,
  "duckchain": 0.793,
  "eclipsemainnet": 0.0232,
  "endurance": 3.3,
  "ethereum": 0.135,
  "everclear": 0.00393,
  "evmos": 264,
  "fantom": 7.39,
  "flame": 1.03,
  "flare": 150,
  "flowmainnet": 6.47,
  "form": 0.00176,
  "fraxtal": 0.0217,
  "fusemainnet": 142,
  "glue": 7.88,
  "gnosis": 3.12,
  "gravity": 158,
  "guru": 375,
  "harmony": 220,
  "hemi": 0.00181,
  "immutablezkevmmainnet": 4,
  "inevm": 0.221,
  "injective": 0.221,
  "ink": 0.0233,
  "kaia": 21.7,
  "kroma": 0.00168,
  "linea": 0.0765,
  "lisk": 0.0104,
  "lukso": 2.17,
  "lumia": 3.72,
  "lumiaprism": 5.3,
  "mantapacific": 0.00336,
  "mantle": 6.48,
  "matchain": 0.00537,
  "merlin": 0.000131,
  "metal": 0.00514,
  "metis": 0.129,
  "mint": 0.00239,
  "mode": 0.0176,
  "molten": 12.2,
  "moonbeam": 24.7,
  "morph": 0.178,
  "nero": 3.13,
  "neutron": 16.4,
  "oortmainnet": 40.5,
  "optimism": 0.0383,
  "orderly": 0.00216,
  "osmosis": 11.2,
  "polygon": 10.5,
  "polygonzkevm": 0.0231,
  "polynomialfi": 0.00198,
  "prom": 1.55,
  "proofofplay": 0.0012,
  "rarichain": 0.00329,
  "real": 0.0012,
  "redstone": 0.00217,
  "rivalz": 0.0012,
  "rootstockmainnet": 0.00136,
  "sanko": 0.161,
  "scroll": 0.00951,
  "sei": 13.3,
  "shibarium": 11.3,
  "snaxchain": 0.00193,
  "solanamainnet": 3.27,
  "soneium": 0.0184,
  "sonic": 7.39,
  "sonicsvm": 0.0155,
  "soon": 0.0012,
  "stride": 10.3,
  "superpositionmainnet": 0.0235,
  "superseed": 0.0126,
  "swell": 0.00238,
  "taiko": 0.005,
  "tangle": 3.13,
  "telos": 27.7,
  "torus": 8.49,
  "treasure": 37.4,
  "trumpchain": 0.173,
  "unichain": 0.00897,
  "unitzero": 6.11,
  "vana": 0.502,
  "viction": 11.9,
  "worldchain": 0.0027,
  "xai": 29.4,
  "xlayer": 0.114,
  "xpla": 47.1,
  "zeronetwork": 0.00127,
  "zetachain": 10.1,
  "zircuit": 0.00424,
  "zklink": 0.0012,
  "zksync": 0.00159,
  "zoramainnet": 0.00876
}
