{
  "abstract": 0.00428,
  "ancient8": 0.00253,
  "apechain": 8.83,
  "appchain": 0.0155,
  "arbitrum": 0.0344,
  "arbitrumnova": 0.00214,
  "arcadia": 0.00195,
  "artela": 16900,
  "astar": 223,
  "aurora": 0.00214,
  "avalanche": 0.194,
  "b3": 0.00284,
  "base": 0.0931,
  "berachain": 1.97,
  "bitlayer": 0.00156,
  "blast": 0.00325,
  "bob": 0.00249,
  "boba": 0.00241,
  "botanix": 0.000071,
  "bsc": 0.264,
  "bsquared": 0.00245,
  "carrchain": 4990,
  "celestia": 3.96,
  "celo": 14.3,
  "chilizmainnet": 110,
  "coredao": 16.2,
  "coti": 114,
  "cyber": 0.00321,
  "degenchain": 2020,
  "dogechain": 19.7,
  "eclipsemainnet": 0.0232,
  "electroneum": 1820,
  "endurance": 12.9,
  "ethereum": 0.399,
  "everclear": 0.0148,
  "fantom": 25.2,
  "flare": 229,
  "flowmainnet": 13.2,
  "fluence": 3580,
  "form": 0.00195,
  "forma": 3.96,
  "fraxtal": 2.48,
  "fusemainnet": 438,
  "galactica": 84.8,
  "gnosis": 3.12,
  "gravity": 518,
  "harmony": 642,
  "hashkey": 10.5,
  "hemi": 0.00207,
  "hyperevm": 0.294,
  "immutablezkevmmainnet": 7.44,
  "incentiv": 3.13,
  "inevm": 0.479,
  "injective": 0.479,
  "ink": 0.0233,
  "kaia": 36.3,
  "katana": 0.00127,
  "kyve": 568,
  "lazai": 0.368,
  "linea": 0.0765,
  "lisk": 0.0104,
  "litchain": 72.3,
  "lukso": 5.32,
  "lumiaprism": 23.5,
  "mantapacific": 0.00336,
  "mantle": 7.51,
  "mantra": 34.5,
  "matchain": 0.00537,
  "merlin": 0.000172,
  "metal": 0.00791,
  "metis": 0.396,
  "milkyway": 110,
  "mint": 0.00272,
  "miraclechain": 660,
  "mitosis": 59.1,
  "mode": 0.0229,
  "molten": 73.8,
  "monad": 3.13,
  "moonbeam": 99.3,
  "morph": 0.178,
  "neutron": 84.4,
  "nibiru": 304,
  "noble": 3.13,
  "ontology": 32,
  "oortmainnet": 113,
  "opbnb": 0.00528,
  "optimism": 0.0383,
  "orderly": 0.00281,
  "osmosis": 33,
  "paradex": 3.13,
  "peaq": 50,
  "plasma": 12.8,
  "plume": 60,
  "polygon": 19.2,
  "polygonzkevm": 0.0244,
  "polynomialfi": 0.00275,
  "prom": 1.55,
  "pulsechain": 115000,
  "radix": 1350,
  "rarichain": 0.00368,
  "reactive": 123,
  "redstone": 0.00217,
  "ronin": 11.3,
  "scroll": 0.01,
  "sei": 19.7,
  "shibarium": 35.3,
  "solanamainnet": 3.27,
  "solaxy": 15700,
  "somnia": 10.5,
  "soneium": 0.0394,
  "sonic": 25.2,
  "sonicsvm": 0.193,
  "soon": 0.00195,
  "sophon": 142,
  "starknet": 38.2,
  "story": 1.67,
  "stride": 62.6,
  "subtensor": 0.304,
  "superpositionmainnet": 0.0235,
  "superseed": 0.0126,
  "svmbnb": 0.00524,
  "swell": 0.00856,
  "tac": 8.15,
  "taiko": 0.00671,
  "tangle": 3.13,
  "torus": 28.6,
  "unichain": 0.00897,
  "vana": 1.09,
  "viction": 26.5,
  "worldchain": 0.0027,
  "xai": 150,
  "xlayer": 0.114,
  "xrplevm": 4.19,
  "zerogravity": 3.13,
  "zeronetwork": 0.00195,
  "zetachain": 31.2,
  "zircuit": 0.00424,
  "zksync": 0.00195,
  "zoramainnet": 0.00876
}
