{
  "abstract": 0.00428,
  "ancient8": 0.00253,
  "apechain": 7.04,
  "appchain": 0.0155,
  "arbitrum": 0.0344,
  "arbitrumnova": 0.00195,
  "arcadia": 0.00195,
  "artela": 16900,
  "astar": 137,
  "aurora": 0.00214,
  "avalanche": 0.174,
  "b3": 0.00284,
  "base": 0.0931,
  "berachain": 1.78,
  "bitlayer": 0.00156,
  "blast": 0.00325,
  "bob": 0.00249,
  "boba": 0.00241,
  "botanix": 0.000071,
  "bsc": 0.264,
  "bsquared": 0.00245,
  "carrchain": 4990,
  "celestia": 1.89,
  "celo": 12.1,
  "cheesechain": 12400,
  "chilizmainnet": 89.1,
  "coredao": 6.82,
  "coti": 60.5,
  "cyber": 0.00321,
  "degenchain": 1230,
  "dogechain": 19.7,
  "eclipsemainnet": 0.0232,
  "electroneum": 964,
  "endurance": 6.29,
  "ethereum": 0.399,
  "everclear": 0.0148,
  "fantom": 10.4,
  "flare": 208,
  "flowmainnet": 9.51,
  "fluence": 3580,
  "form": 0.00195,
  "forma": 2.1,
  "fraxtal": 1.48,
  "fusemainnet": 315,
  "galactica": 3.13,
  "gnosis": 3.12,
  "gravity": 278,
  "harmony": 313,
  "hashkey": 8.31,
  "hemi": 0.00207,
  "hyperevm": 0.294,
  "immutablezkevmmainnet": 6.74,
  "incentiv": 3.13,
  "inevm": 0.379,
  "injective": 0.379,
  "ink": 0.0233,
  "kaia": 31.1,
  "katana": 0.00127,
  "kyve": 414,
  "linea": 0.0765,
  "lisk": 0.0104,
  "litchain": 3.13,
  "lukso": 4.86,
  "lumiaprism": 13.7,
  "mantapacific": 0.00336,
  "mantle": 7.51,
  "mantra": 15.1,
  "matchain": 0.00537,
  "merlin": 0.000172,
  "metal": 0.00791,
  "metis": 0.229,
  "milkyway": 65.1,
  "mint": 0.00272,
  "miraclechain": 312,
  "mitosis": 59.1,
  "mode": 0.0229,
  "molten": 29.8,
  "monad": 3.13,
  "moonbeam": 49.5,
  "morph": 0.178,
  "neutron": 36,
  "nibiru": 304,
  "noble": 3.13,
  "ontology": 18.8,
  "oortmainnet": 79.8,
  "opbnb": 0.00528,
  "optimism": 0.0383,
  "orderly": 0.00281,
  "osmosis": 22,
  "paradex": 3.13,
  "peaq": 39.7,
  "plasma": 3.13,
  "plume": 38.3,
  "polygon": 16.4,
  "polygonzkevm": 0.0244,
  "polynomialfi": 0.00275,
  "prom": 1.55,
  "pulsechain": 72700,
  "radix": 595,
  "rarichain": 0.00329,
  "reactive": 123,
  "redstone": 0.00217,
  "ronin": 7.04,
  "scroll": 0.01,
  "sei": 18.4,
  "shibarium": 19.4,
  "solanamainnet": 3.27,
  "solaxy": 7170,
  "soneium": 0.0394,
  "sonic": 10.4,
  "sonicsvm": 0.193,
  "soon": 0.00195,
  "sophon": 105,
  "starknet": 30.8,
  "story": 1.67,
  "stride": 57.4,
  "subtensor": 0.304,
  "superpositionmainnet": 0.0235,
  "superseed": 0.0126,
  "svmbnb": 0.00524,
  "swell": 0.00856,
  "tac": 8.15,
  "taiko": 0.00671,
  "tangle": 3.13,
  "torus": 22.7,
  "unichain": 0.00897,
  "vana": 0.705,
  "viction": 19.5,
  "worldchain": 0.0027,
  "xai": 71.2,
  "xlayer": 0.114,
  "xrplevm": 4.19,
  "zerogravity": 3.13,
  "zeronetwork": 0.00195,
  "zetachain": 17.7,
  "zircuit": 0.00424,
  "zksync": 0.00195,
  "zoramainnet": 0.00876
}
