{
  "abstract": 0.00428,
  "adichain": 3.13,
  "aleo": 27.1,
  "ancient8": 0.00253,
  "apechain": 16.6,
  "appchain": 0.0155,
  "arbitrum": 0.0344,
  "arbitrumnova": 0.00214,
  "arcadia": 0.00195,
  "artela": 16900,
  "astar": 313,
  "aurora": 0.00214,
  "avalanche": 0.259,
  "b3": 0.00284,
  "base": 0.0931,
  "berachain": 4.26,
  "bitlayer": 0.00156,
  "blast": 0.00325,
  "bob": 0.00249,
  "boba": 0.00241,
  "botanix": 0.000071,
  "bsc": 0.264,
  "bsquared": 0.00245,
  "carrchain": 6630,
  "celestia": 6.69,
  "celo": 27.3,
  "chilizmainnet": 110,
  "citrea": 0.0000358,
  "coredao": 25.7,
  "coti": 142,
  "cyber": 0.00321,
  "degenchain": 2370,
  "dogechain": 22.8,
  "eclipsemainnet": 0.0232,
  "eden": 6.79,
  "electroneum": 2620,
  "endurance": 14.3,
  "eni": 4.1,
  "ethereum": 0.399,
  "everclear": 0.0148,
  "fantom": 39.7,
  "flare": 315,
  "flowmainnet": 38.2,
  "fluence": 3580,
  "forma": 6.69,
  "fraxtal": 4.29,
  "fusemainnet": 438,
  "galactica": 139,
  "gnosis": 3.12,
  "gravity": 728,
  "harmony": 841,
  "hashkey": 17.9,
  "hemi": 0.00207,
  "hyperevm": 0.294,
  "immutablezkevmmainnet": 13.2,
  "incentiv": 3400,
  "ink": 0.0233,
  "kaia": 60.9,
  "katana": 0.00127,
  "krown": 2080,
  "kyve": 1440,
  "lazai": 0.658,
  "linea": 0.0765,
  "lisk": 0.0104,
  "litchain": 193,
  "lukso": 8.76,
  "lumiaprism": 28.9,
  "mantapacific": 0.00336,
  "mantle": 7.51,
  "mantra": 47.5,
  "matchain": 0.00537,
  "megaeth": 0.00103,
  "merlin": 0.000172,
  "metal": 0.00791,
  "metis": 0.658,
  "milkyway": 989,
  "miraclechain": 1730,
  "mitosis": 59.1,
  "mode": 0.0229,
  "molten": 118,
  "monad": 175,
  "moonbeam": 140,
  "morph": 0.178,
  "neutron": 132,
  "nibiru": 546,
  "noble": 3.13,
  "ontology": 38.7,
  "oortmainnet": 182,
  "opbnb": 0.00528,
  "optimism": 0.0383,
  "orderly": 0.00281,
  "paradex": 3.13,
  "peaq": 117,
  "plasma": 25.4,
  "plume": 213,
  "polygon": 25.3,
  "polygonzkevm": 0.0244,
  "polynomialfi": 0.00275,
  "prom": 1.55,
  "pulsechain": 214000,
  "radix": 1760,
  "rarichain": 0.00368,
  "reactive": 123,
  "redstone": 0.00217,
  "ronin": 21.1,
  "scroll": 0.01,
  "sei": 29.5,
  "shibarium": 40.5,
  "solanamainnet": 3.27,
  "solaxy": 18900,
  "somnia": 16.6,
  "soneium": 0.0394,
  "sonic": 39.7,
  "sonicsvm": 0.193,
  "soon": 0.00195,
  "sophon": 271,
  "stable": 3.13,
  "starknet": 121,
  "story": 1.67,
  "stride": 122,
  "subtensor": 0.304,
  "superpositionmainnet": 0.0235,
  "superseed": 0.0126,
  "swell": 0.00856,
  "tac": 9,
  "taiko": 0.00671,
  "tangle": 3.13,
  "torus": 28.6,
  "unichain": 0.00897,
  "vana": 1.48,
  "viction": 35.6,
  "worldchain": 0.0027,
  "xai": 202,
  "xlayer": 0.114,
  "xrplevm": 4.19,
  "zerogravity": 4.2,
  "zeronetwork": 0.00195,
  "zetachain": 45.4,
  "zircuit": 0.00424,
  "zksync": 0.00481,
  "zoramainnet": 0.00876
}
