{
  "abstract": 0.00856,
  "alephzeroevmmainnet": 242,
  "ancient8": 0.00506,
  "apechain": 14.1,
  "appchain": 0.031,
  "arbitrum": 0.0688,
  "arbitrumnova": 0.0039,
  "arcadia": 0.0039,
  "artela": 550,
  "astar": 274,
  "aurora": 0.00428,
  "avalanche": 0.348,
  "b3": 0.00568,
  "base": 0.186,
  "berachain": 3.56,
  "bitlayer": 0.00312,
  "blast": 0.0065,
  "bob": 0.00498,
  "boba": 0.00482,
  "botanix": 0.0000586,
  "bsc": 0.528,
  "bsquared": 0.0049,
  "celo": 24.2,
  "cheesechain": 24800,
  "chilizmainnet": 178,
  "coredao": 13.6,
  "coti": 0.025,
  "cyber": 0.00642,
  "degenchain": 2460,
  "dogechain": 39.4,
  "eclipsemainnet": 0.125,
  "endurance": 12.6,
  "ethereum": 0.798,
  "everclear": 0.0296,
  "fantom": 19.6,
  "flare": 416,
  "flowmainnet": 19,
  "fluence": 500,
  "form": 0.0039,
  "fraxtal": 0.0434,
  "fusemainnet": 630,
  "galactica": 0.25,
  "game7": 1540,
  "gnosis": 6.24,
  "gravity": 556,
  "harmony": 626,
  "hashkey": 16.6,
  "hemi": 0.00616,
  "hyperevm": 0.588,
  "immutablezkevmmainnet": 13.5,
  "inevm": 0.758,
  "injective": 0.758,
  "ink": 0.0466,
  "kaia": 62.2,
  "katana": 0.00254,
  "kyve": 1.25,
  "linea": 0.153,
  "lisk": 0.0208,
  "lukso": 9.72,
  "lumia": 27,
  "lumiaprism": 27.4,
  "mantapacific": 0.00672,
  "mantle": 15,
  "matchain": 0.0107,
  "merlin": 0.000344,
  "metal": 0.0158,
  "metis": 0.458,
  "milkyway": 130,
  "mint": 0.00544,
  "miraclechain": 0.0125,
  "mode": 0.0458,
  "molten": 59.6,
  "moonbeam": 99,
  "morph": 0.356,
  "neutron": 72,
  "nibiru": 2.5,
  "noble": 6.26,
  "ontology": 2.5,
  "oortmainnet": 160,
  "opbnb": 0.0106,
  "optimism": 0.0766,
  "orderly": 0.00562,
  "peaq": 79.4,
  "plume": 0.0125,
  "polygon": 32.8,
  "polygonzkevm": 0.0488,
  "polynomialfi": 0.0055,
  "prom": 3.1,
  "proofofplay": 0.0039,
  "rarichain": 0.00658,
  "reactive": 0.025,
  "redstone": 0.00434,
  "ronin": 14.1,
  "scroll": 0.02,
  "sei": 36.8,
  "shibarium": 31.4,
  "snaxchain": 0.00566,
  "solanamainnet": 7.5,
  "solaxy": 0.0125,
  "soneium": 0.0788,
  "sonic": 19.6,
  "sonicsvm": 0.5,
  "soon": 0.0039,
  "sophon": 12.5,
  "starknet": 50,
  "story": 3.34,
  "stride": 31,
  "subtensor": 0.608,
  "superpositionmainnet": 0.047,
  "superseed": 0.0252,
  "svmbnb": 0.0105,
  "swell": 0.0171,
  "tac": 1.25,
  "taiko": 0.0134,
  "tangle": 1.5,
  "torus": 45.4,
  "unichain": 0.0179,
  "vana": 0.00025,
  "viction": 39,
  "worldchain": 0.0054,
  "xai": 142,
  "xlayer": 0.228,
  "xrplevm": 2.86,
  "zeronetwork": 0.0039,
  "zetachain": 35.4,
  "zircuit": 0.0094,
  "zksync": 0.0039,
  "zoramainnet": 0.0175
}
