{
  "abstract": 0.00856,
  "alephzeroevmmainnet": 33.8,
  "ancient8": 0.00378,
  "apechain": 9.18,
  "appchain": 0.031,
  "arbitrum": 0.0616,
  "arbitrumnova": 0.0024,
  "artela": 476,
  "arthera": 252,
  "astar": 162,
  "astarzkevm": 0.0024,
  "aurora": 0.003,
  "avalanche": 0.246,
  "b3": 0.00458,
  "base": 0.186,
  "berachain": 0.626,
  "bitlayer": 0.00212,
  "blast": 0.0058,
  "bob": 0.00354,
  "boba": 0.00348,
  "bsc": 0.528,
  "bsquared": 0.00358,
  "celo": 15.3,
  "cheesechain": 8280,
  "chilizmainnet": 111,
  "conflux": 55,
  "conwai": 1780,
  "coredao": 12.1,
  "corn": 0.0000654,
  "cyber": 0.00412,
  "degenchain": 1500,
  "dogechain": 24,
  "duckchain": 1.59,
  "eclipsemainnet": 0.05,
  "endurance": 6.6,
  "ethereum": 0.27,
  "everclear": 0.00786,
  "evmos": 528,
  "fantom": 14.8,
  "flame": 2.06,
  "flare": 300,
  "flowmainnet": 12.9,
  "form": 0.00352,
  "fraxtal": 0.0434,
  "fusemainnet": 284,
  "glue": 15.8,
  "gnosis": 6.24,
  "gravity": 316,
  "guru": 750,
  "harmony": 440,
  "hemi": 0.00362,
  "immutablezkevmmainnet": 8,
  "inevm": 0.442,
  "injective": 0.442,
  "ink": 0.0466,
  "kaia": 43.4,
  "kroma": 0.00336,
  "linea": 0.153,
  "lisk": 0.0208,
  "lukso": 4.34,
  "lumia": 7.44,
  "lumiaprism": 10.6,
  "mantapacific": 0.00672,
  "mantle": 13,
  "matchain": 0.0107,
  "merlin": 0.000262,
  "metal": 0.0103,
  "metis": 0.258,
  "mint": 0.00478,
  "mode": 0.0352,
  "molten": 24.4,
  "moonbeam": 49.4,
  "morph": 0.356,
  "nero": 6.26,
  "neutron": 32.8,
  "oortmainnet": 81,
  "optimism": 0.0766,
  "orderly": 0.00432,
  "polygon": 21,
  "polygonzkevm": 0.0462,
  "polynomialfi": 0.00396,
  "prom": 3.1,
  "proofofplay": 0.0024,
  "rarichain": 0.00658,
  "real": 0.0024,
  "redstone": 0.00434,
  "rivalz": 0.0024,
  "rootstockmainnet": 0.00272,
  "sanko": 0.322,
  "scroll": 0.019,
  "sei": 26.6,
  "shibarium": 22.6,
  "snaxchain": 0.00386,
  "solanamainnet": 10,
  "soneium": 0.0368,
  "sonic": 14.8,
  "sonicsvm": 0.031,
  "soon": 0.0024,
  "stride": 20.6,
  "superpositionmainnet": 0.047,
  "superseed": 0.0252,
  "swell": 0.00476,
  "taiko": 0.01,
  "tangle": 6.26,
  "telos": 55.4,
  "torus": 17,
  "treasure": 250,
  "trumpchain": 0.346,
  "unichain": 0.0179,
  "unitzero": 12.2,
  "vana": 0.00025,
  "viction": 0.75,
  "worldchain": 0.05,
  "xai": 5,
  "xlayer": 0.125,
  "xpla": 25,
  "zeronetwork": 0.0125,
  "zetachain": 5,
  "zircuit": 0.005,
  "zklink": 0.0125,
  "zksync": 0.0125,
  "zoramainnet": 0.05
}
