{
  "abstract": 0.00856,
  "ancient8": 0.00506,
  "apechain": 17.7,
  "appchain": 0.031,
  "arbitrum": 0.0688,
  "arbitrumnova": 0.00428,
  "arcadia": 0.0039,
  "artela": 550,
  "astar": 446,
  "aurora": 0.00428,
  "avalanche": 0.388,
  "b3": 0.00568,
  "base": 0.186,
  "berachain": 3.94,
  "bitlayer": 0.00312,
  "blast": 0.0065,
  "bob": 0.00498,
  "boba": 0.00482,
  "botanix": 0.000142,
  "bsc": 0.528,
  "bsquared": 0.0049,
  "carrchain": 1250,
  "celestia": 7.92,
  "celo": 28.6,
  "chilizmainnet": 220,
  "coredao": 32.4,
  "coti": 0.25,
  "cyber": 0.00642,
  "degenchain": 4040,
  "dogechain": 39.4,
  "eclipsemainnet": 0.125,
  "electroneum": 2.5,
  "endurance": 25.8,
  "ethereum": 0.798,
  "everclear": 0.0296,
  "fantom": 50.4,
  "flare": 458,
  "flowmainnet": 26.4,
  "fluence": 500,
  "form": 0.0039,
  "forma": 1.25,
  "fraxtal": 4.96,
  "fusemainnet": 876,
  "galactica": 0.25,
  "gnosis": 6.24,
  "gravity": 1040,
  "harmony": 1280,
  "hashkey": 21,
  "hemi": 0.00616,
  "hyperevm": 0.588,
  "immutablezkevmmainnet": 14.9,
  "incentiv": 1.25,
  "inevm": 0.958,
  "injective": 0.958,
  "ink": 0.0466,
  "kaia": 72.6,
  "katana": 0.00254,
  "kyve": 1.25,
  "lazai": 0.736,
  "linea": 0.153,
  "lisk": 0.0208,
  "litchain": 0.0125,
  "lukso": 10.6,
  "lumiaprism": 47,
  "mantapacific": 0.00672,
  "mantle": 15,
  "mantra": 69,
  "matchain": 0.0107,
  "merlin": 0.000344,
  "metal": 0.0158,
  "metis": 0.792,
  "milkyway": 220,
  "mint": 0.00544,
  "miraclechain": 0.0125,
  "mitosis": 118,
  "mode": 0.0458,
  "molten": 148,
  "monad": 0.125,
  "moonbeam": 199,
  "morph": 0.356,
  "neutron": 169,
  "nibiru": 2.5,
  "noble": 6.26,
  "ontology": 2.5,
  "oortmainnet": 226,
  "opbnb": 0.0106,
  "optimism": 0.0766,
  "orderly": 0.00562,
  "peaq": 100,
  "plasma": 0.025,
  "plume": 0.0125,
  "polygon": 38.4,
  "polygonzkevm": 0.0488,
  "polynomialfi": 0.0055,
  "prom": 3.1,
  "pulsechain": 230000,
  "rarichain": 0.00736,
  "reactive": 0.025,
  "redstone": 0.00434,
  "ronin": 22.6,
  "scroll": 0.02,
  "sei": 39.4,
  "shibarium": 70.6,
  "solanamainnet": 7.5,
  "solaxy": 0.0125,
  "somnia": 21,
  "soneium": 0.0788,
  "sonic": 50.4,
  "sonicsvm": 0.5,
  "soon": 0.0039,
  "sophon": 12.5,
  "starknet": 50,
  "story": 3.34,
  "stride": 125,
  "subtensor": 0.608,
  "superpositionmainnet": 0.047,
  "superseed": 0.0252,
  "svmbnb": 0.0105,
  "swell": 0.0171,
  "tac": 1.25,
  "taiko": 0.0134,
  "tangle": 1.5,
  "torus": 57.2,
  "unichain": 0.0179,
  "vana": 0.00025,
  "viction": 53,
  "worldchain": 0.0054,
  "xai": 300,
  "xlayer": 0.228,
  "xrplevm": 8.38,
  "zerogravity": 0.00125,
  "zeronetwork": 0.0039,
  "zetachain": 62.4,
  "zircuit": 0.0094,
  "zksync": 0.0039,
  "zoramainnet": 0.0175
}
